index,MXmUS,SAmUS,CHIFCI,GSFCI,MXUSmSAUS,USDMXN_ret,USDZAR_ret,USDMXNMA_deviation,USDZARMA_deviation
1,-0.522856951,-0.562621762,-0.664278364,-1.827380731,-1.350407984,-1.439683079,-1.77843598,-0.472371791,0.601074333
2,0.473278355,0.068841511,-1.222743805,0.918532817,-1.305818676,-0.347005764,-0.469457254,-1.501573921,-1.14428603
